[
  {
    "id": "1",
    "name": "Coxinha",
    "price": 6.00,
    "category": "Salgados",
    "available": true,
    "description": "Coxinha tradicional de frango",
    "createdAt": "2025-01-01T00:00:00.000Z",
    "updatedAt": "2025-01-01T00:00:00.000Z"
  },
  {
    "id": "2",
    "name": "Pão de Açúcar",
    "price": 5.50,
    "category": "Salgados",
    "available": true,
    "description": "Pão de açúcar recheado",
    "createdAt": "2025-01-01T00:00:00.000Z",
    "updatedAt": "2025-01-01T00:00:00.000Z"
  },
  {
    "id": "3",
    "name": "Pastel de Queijo",
    "price": 7.00,
    "category": "Salgados",
    "available": true,
    "description": "Pastel crocante com queijo derretido",
    "createdAt": "2025-01-01T00:00:00.000Z",
    "updatedAt": "2025-01-01T00:00:00.000Z"
  },
  {
    "id": "4",
    "name": "Suco de Laranja",
    "price": 5.00,
    "category": "Bebidas",
    "available": true,
    "description": "Suco natural de laranja",
    "createdAt": "2025-01-01T00:00:00.000Z",
    "updatedAt": "2025-01-01T00:00:00.000Z"
  },
  {
    "id": "5",
    "name": "Suco de Maracujá",
    "price": 5.00,
    "category": "Bebidas",
    "available": true,
    "description": "Suco natural de maracujá",
    "createdAt": "2025-01-01T00:00:00.000Z",
    "updatedAt": "2025-01-01T00:00:00.000Z"
  },
  {
    "id": "6",
    "name": "Refrigerante",
    "price": 4.50,
    "category": "Bebidas",
    "available": true,
    "description": "Refrigerante gelado",
    "createdAt": "2025-01-01T00:00:00.000Z",
    "updatedAt": "2025-01-01T00:00:00.000Z"
  },
  {
    "id": "7",
    "name": "Água",
    "price": 2.00,
    "category": "Bebidas",
    "available": true,
    "description": "Água mineral",
    "createdAt": "2025-01-01T00:00:00.000Z",
    "updatedAt": "2025-01-01T00:00:00.000Z"
  },
  {
    "id": "8",
    "name": "Hambúrguer Clássico",
    "price": 18.00,
    "category": "Pratos Principais",
    "available": true,
    "description": "Hambúrguer com carne, queijo, alface e tomate",
    "createdAt": "2025-01-01T00:00:00.000Z",
    "updatedAt": "2025-01-01T00:00:00.000Z"
  },
  {
    "id": "9",
    "name": "Frango Grelhado",
    "price": 22.00,
    "category": "Pratos Principais",
    "available": true,
    "description": "Peito de frango grelhado com temperos especiais",
    "createdAt": "2025-01-01T00:00:00.000Z",
    "updatedAt": "2025-01-01T00:00:00.000Z"
  },
  {
    "id": "10",
    "name": "Salada Caesar",
    "price": 15.00,
    "category": "Saladas",
    "available": true,
    "description": "Salada caesar com croutons e molho especial",
    "createdAt": "2025-01-01T00:00:00.000Z",
    "updatedAt": "2025-01-01T00:00:00.000Z"
  }
]