[
  {"id": "table-1", "number": "1", "customers": [], "status": "livre", "createdAt": "2025-01-01T00:00:00.000Z"},
  {"id": "table-2", "number": "2", "customers": [], "status": "livre", "createdAt": "2025-01-01T00:00:00.000Z"},
  {"id": "table-3", "number": "3", "customers": [], "status": "livre", "createdAt": "2025-01-01T00:00:00.000Z"},
  {"id": "table-4", "number": "4", "customers": [], "status": "livre", "createdAt": "2025-01-01T00:00:00.000Z"},
  {"id": "table-5", "number": "5", "customers": [], "status": "livre", "createdAt": "2025-01-01T00:00:00.000Z"},
  {"id": "table-6", "number": "6", "customers": [], "status": "livre", "createdAt": "2025-01-01T00:00:00.000Z"},
  {"id": "table-7", "number": "7", "customers": [], "status": "livre", "createdAt": "2025-01-01T00:00:00.000Z"},
  {"id": "table-8", "number": "8", "customers": [], "status": "livre", "createdAt": "2025-01-01T00:00:00.000Z"},
  {"id": "table-9", "number": "9", "customers": [], "status": "livre", "createdAt": "2025-01-01T00:00:00.000Z"},
  {"id": "table-10", "number": "10", "customers": [], "status": "livre", "createdAt": "2025-01-01T00:00:00.000Z"},
  {"id": "table-11", "number": "11", "customers": [], "status": "livre", "createdAt": "2025-01-01T00:00:00.000Z"},
  {"id": "table-12", "number": "12", "customers": [], "status": "livre", "createdAt": "2025-01-01T00:00:00.000Z"},
  {"id": "table-13", "number": "13", "customers": [], "status": "livre", "createdAt": "2025-01-01T00:00:00.000Z"},
  {"id": "table-14", "number": "14", "customers": [], "status": "livre", "createdAt": "2025-01-01T00:00:00.000Z"},
  {"id": "table-15", "number": "15", "customers": [], "status": "livre", "createdAt": "2025-01-01T00:00:00.000Z"},
  {"id": "table-16", "number": "16", "customers": [], "status": "livre", "createdAt": "2025-01-01T00:00:00.000Z"},
  {"id": "table-17", "number": "17", "customers": [], "status": "livre", "createdAt": "2025-01-01T00:00:00.000Z"},
  {"id": "table-18", "number": "18", "customers": [], "status": "livre", "createdAt": "2025-01-01T00:00:00.000Z"},
  {"id": "table-19", "number": "19", "customers": [], "status": "livre", "createdAt": "2025-01-01T00:00:00.000Z"},
  {"id": "table-20", "number": "20", "customers": [], "status": "livre", "createdAt": "2025-01-01T00:00:00.000Z"},
  {"id": "table-21", "number": "21", "customers": [], "status": "livre", "createdAt": "2025-01-01T00:00:00.000Z"},
  {"id": "table-22", "number": "22", "customers": [], "status": "livre", "createdAt": "2025-01-01T00:00:00.000Z"},
  {"id": "table-23", "number": "23", "customers": [], "status": "livre", "createdAt": "2025-01-01T00:00:00.000Z"},
  {"id": "table-24", "number": "24", "customers": [], "status": "livre", "createdAt": "2025-01-01T00:00:00.000Z"},
  {"id": "table-25", "number": "25", "customers": [], "status": "livre", "createdAt": "2025-01-01T00:00:00.000Z"},
  {"id": "table-26", "number": "26", "customers": [], "status": "livre", "createdAt": "2025-01-01T00:00:00.000Z"},
  {"id": "table-27", "number": "27", "customers": [], "status": "livre", "createdAt": "2025-01-01T00:00:00.000Z"},
  {"id": "table-28", "number": "28", "customers": [], "status": "livre", "createdAt": "2025-01-01T00:00:00.000Z"},
  {"id": "table-29", "number": "29", "customers": [], "status": "livre", "createdAt": "2025-01-01T00:00:00.000Z"},
  {"id": "table-30", "number": "30", "customers": [], "status": "livre", "createdAt": "2025-01-01T00:00:00.000Z"}
]